ShakeItOff,"[[0.30580417 0.30162185 0.34669228 ... 0.19412971 0.28070001 0.31340829]
 [0.26527899 0.25626053 0.31596651 ... 0.18832956 0.24720726 0.22922638]
 [0.31072301 0.30810164 0.37506351 ... 0.38378956 0.3772383  0.29693801]
 ...
 [0.21195181 0.19122546 0.36346211 ... 0.14256376 0.17967202 0.23920741]
 [0.27411698 0.21518248 0.23274658 ... 0.157997   0.20270671 0.18369902]
 [0.33260001 0.27907139 0.30130215 ... 0.19140885 0.30012472 0.45345164]]"
CaliforniaGurls,"[[1.         1.         1.         ... 0.35267508 0.6873845  1.        ]
 [0.21876497 0.18343012 0.45256163 ... 0.24271564 0.52628545 0.43757537]
 [0.07691919 0.04958062 0.29902036 ... 0.32273162 0.4611824  0.29928757]
 ...
 [0.28000849 0.25972035 0.43856743 ... 1.         1.         0.92721328]
 [0.09697916 0.08119633 0.40747983 ... 0.22957549 0.49125506 0.57343646]
 [0.21415471 0.22494297 0.59218366 ... 0.19918227 0.43519581 0.50443534]]"
CountryRoads,"[[0.06155891 0.08748172 0.09577468 ... 0.23219069 0.15252223 0.13589362]
 [0.0956228  0.09066117 0.17256816 ... 0.27712429 0.27215107 0.26976543]
 [0.11177638 0.11968218 0.28566681 ... 0.06526927 0.05114101 0.04486914]
 ...
 [0.38571943 0.22770129 0.13603357 ... 0.77721891 1.         1.        ]
 [0.26625051 0.17175964 0.1287752  ... 0.16799302 0.24764743 0.3058202 ]
 [0.13860908 0.23389342 0.23239651 ... 0.44356252 0.47753973 0.52627575]]"
AllStar,"[[0.61153477 0.50250206 0.42305999 ... 0.46346872 0.63722215 0.41576321]
 [0.14598271 0.25152148 0.56760103 ... 0.78258562 1.         0.53901071]
 [0.05804104 0.19581205 0.52878878 ... 0.48629001 0.71042808 0.39851664]
 ...
 [0.23899725 0.23227613 0.67438135 ... 0.32219352 0.58365708 0.33727258]
 [0.21269434 0.17379522 0.76715686 ... 0.52195226 0.62859085 0.39245754]
 [0.367029   0.20447947 0.30520088 ... 0.67549395 0.702715   0.28429111]]"
SweetCaroline,"[[0.25923236 0.19985023 0.20670063 ... 0.18245666 0.13097923 0.11018333]
 [0.74179139 0.7511199  0.97305747 ... 0.0340394  0.01164133 0.00655587]
 [0.47175935 0.30162913 0.2689294  ... 0.06380415 0.03464717 0.02358137]
 ...
 [0.13114889 0.12574607 0.17066611 ... 0.1293557  0.04887912 0.02113099]
 [0.25905409 0.46358772 0.79070846 ... 0.55414105 0.38586333 0.34659641]
 [0.53471629 0.28325322 0.19828561 ... 1.         1.         1.        ]]"
ShutUpAndDance,"[[0.3795691  0.30157977 0.33297412 ... 0.19940593 0.48465643 0.58491239]
 [0.90182079 0.97658799 1.         ... 0.24198979 0.55855    1.        ]
 [1.         0.90213156 0.57929946 ... 0.42074912 0.42085664 0.31228103]
 ...
 [0.37215351 0.1606391  0.0919188  ... 0.24855401 0.35791513 0.36236095]
 [0.2871729  0.14270086 0.09516399 ... 0.24260491 0.20831301 0.26368929]
 [0.24900865 0.13620648 0.11728468 ... 0.16719135 0.26811204 0.44823414]]"
MrBrightside,"[[0.41579058 0.21932108 0.19182419 ... 0.35681849 0.1823779  0.15703649]
 [0.93018553 0.58569    0.30880605 ... 0.42550864 0.18927356 0.26412871]
 [0.42121893 0.28791306 0.15475747 ... 0.37006279 0.12646615 0.1382563 ]
 ...
 [0.40279787 0.23015614 0.24217473 ... 0.40913357 0.245444   0.28083395]
 [0.51066383 0.31554487 0.32056311 ... 0.24470838 0.11985243 0.18017059]
 [0.45744553 0.23994784 0.19130913 ... 0.22971727 0.1060514  0.14055376]]"
ClintEastwood,"[[0.49247613 0.2902881  0.37220829 ... 0.14947282 0.12074082 0.05768453]
 [0.42102769 0.15205198 0.14408322 ... 0.11465404 0.10350647 0.0688043 ]
 [0.24666749 0.12101812 0.21054592 ... 0.25122378 0.26853158 0.21971843]
 ...
 [0.15063506 0.13572055 0.40423657 ... 0.20799601 0.26302236 0.14802348]
 [0.405653   0.2848549  0.63868169 ... 0.50579978 0.48050124 0.31510432]
 [1.         1.         1.         ... 0.24212134 0.23209747 0.13599178]]"
StacysMom,"[[0.27817065 0.37890489 0.75342125 ... 0.22067929 0.1928848  0.16556221]
 [0.24865036 0.38588615 0.65071528 ... 0.22814779 0.15848012 0.10861093]
 [0.7220118  0.83380044 0.70627005 ... 0.34494142 0.30378811 0.19120991]
 ...
 [0.4848737  0.59387627 1.         ... 0.18446177 0.11304156 0.07359282]
 [0.26130653 0.35515201 0.8604401  ... 0.2583036  0.14583934 0.0807833 ]
 [0.19380031 0.40836646 0.95068551 ... 0.501181   0.322094   0.15437417]]"
FloatOn,"[[0.11564376 0.25870413 0.58814261 ... 0.04791166 0.03780525 0.05152686]
 [0.14170508 0.41033221 1.         ... 0.0777078  0.04202548 0.04622459]
 [0.08927183 0.2980151  0.48110167 ... 0.03216633 0.02409989 0.03791505]
 ...
 [0.44991785 0.61226687 0.77837478 ... 0.03730699 0.05807719 0.05779329]
 [1.         1.         0.74310577 ... 0.03933656 0.03594601 0.04294482]
 [0.19778465 0.28431265 0.38648693 ... 0.02355959 0.0263157  0.04587378]]"
DanzaKuduro,"[[0.83031902 0.25673298 0.35405523 ... 1.         1.         1.        ]
 [0.56472431 0.31698036 0.35917564 ... 0.74571097 0.36182814 0.1850067 ]
 [0.48012325 0.3640659  0.40992096 ... 0.48957193 0.10683797 0.05984949]
 ...
 [0.85819018 0.37263491 0.57624906 ... 0.26926309 0.08443067 0.11558352]
 [1.         0.34144356 0.4499009  ... 0.35938139 0.17080435 0.1426741 ]
 [0.98353267 0.32913735 0.48315819 ... 0.65517025 0.44142016 0.48372147]]"
SweetHomeAlabama,"[[0.17076545 0.10503126 0.07705579 ... 0.17871413 0.15458097 0.16298318]
 [0.36269847 0.29304092 0.24206398 ... 0.14028609 0.09922481 0.08740548]
 [1.         1.         1.         ... 0.26976262 0.1636804  0.16023204]
 ...
 [0.21338624 0.72160625 0.72379053 ... 0.24961382 0.19384616 0.16917566]
 [0.07386105 0.16152193 0.17252766 ... 0.23331166 0.16309823 0.11694991]
 [0.06297988 0.0578058  0.09312176 ... 0.40938515 0.37291687 0.25142778]]"
FeelGoodInc,"[[0.07409318 0.06081918 0.08493921 ... 0.40697761 0.45174937 0.41585429]
 [0.10504    0.0872818  0.14214447 ... 0.48658244 0.56717911 0.50535583]
 [0.67566584 0.65089048 0.6769165  ... 0.22003937 0.29637626 0.20621005]
 ...
 [0.06814745 0.06369472 0.07871354 ... 0.49689788 0.4343272  0.26582523]
 [0.14633552 0.12247496 0.13256974 ... 0.18998086 1.         1.        ]
 [0.03526623 0.02377421 0.04500058 ... 0.24101301 0.65518979 0.62993628]]"
HereItGoesAgain,"[[0.42540026 0.47233484 0.50080138 ... 1.         1.         1.        ]
 [0.49592805 0.41024959 0.29883881 ... 0.58216418 0.55578967 0.56914207]
 [0.61894162 0.4359793  0.35735995 ... 0.50178798 0.35905323 0.33307505]
 ...
 [0.45415003 0.30462599 0.25221922 ... 0.34911154 0.25129597 0.36221871]
 [0.60452542 0.3467789  0.34627629 ... 0.29577059 0.23143244 0.22975027]
 [0.37806615 0.48434619 1.         ... 0.41927087 0.43103801 0.38880276]]"
September,"[[0.30921717 0.87946149 0.79975436 ... 0.09267373 0.17368263 0.21919858]
 [0.08003277 0.30206357 1.         ... 0.20045685 0.27806245 0.3031215 ]
 [0.05229902 0.09260631 0.14890225 ... 0.1195426  0.32444321 0.55779652]
 ...
 [1.         1.         0.61852346 ... 0.78814992 0.72487609 1.        ]
 [0.26709119 0.31719709 0.19614409 ... 0.17861803 0.25622292 0.37764032]
 [0.34896612 0.80624861 0.55411646 ... 0.09067766 0.19406101 0.45023957]]"
PaperPlanes,"[[0.54910059 0.24525079 0.15546311 ... 0.26392749 0.17864329 0.33892103]
 [0.70166476 0.52874713 0.47307223 ... 0.36100251 0.21522973 0.40278881]
 [1.         1.         1.         ... 0.47180966 0.36971863 0.58100612]
 ...
 [0.68791025 0.39131518 0.23113075 ... 0.630018   0.92958483 1.        ]
 [0.50490194 0.24409815 0.11386604 ... 0.69778095 1.         0.82952599]
 [0.52147376 0.26706038 0.10406025 ... 0.33305396 0.34508785 0.35492759]]"
CallMeMaybe,"[[0.51543529 0.91196601 1.         ... 0.13351669 0.07644001 0.08228616]
 [0.24253503 0.47497255 0.83793097 ... 0.18777523 0.10348843 0.1355872 ]
 [0.10312206 0.26971085 0.43403281 ... 0.62639703 0.36740761 0.20396965]
 ...
 [0.09281213 0.20056062 0.40516231 ... 0.25148303 0.18597038 0.07025208]
 [0.07608697 0.23142274 0.41842363 ... 0.24233854 0.18743978 0.11397743]
 [0.15990786 0.37953806 0.54445156 ... 0.39039879 0.33959804 0.23038233]]"
IWantYouTo,"[[0.33471847 0.13620718 0.08039166 ... 0.20208939 0.27137356 0.29428899]
 [0.32224256 0.20506502 0.1368262  ... 0.35177041 0.49005857 0.49959491]
 [0.34371139 0.26582614 0.18171821 ... 1.         1.         1.        ]
 ...
 [0.39723608 0.21012973 0.13087133 ... 0.41020432 0.45718066 0.5855761 ]
 [0.50318158 0.21430794 0.13858812 ... 0.25385639 0.33929907 0.45635345]
 [0.44957262 0.16639667 0.07640256 ... 0.18718911 0.25977789 0.31661294]]"
Mambo5,"[[0.05303769 0.03244451 0.04558799 ... 0.69678906 0.37076228 0.25338741]
 [0.01298706 0.00982404 0.01759336 ... 0.73407381 0.34769763 0.20638423]
 [0.04522255 0.02798016 0.03584396 ... 0.81542577 0.46807243 0.21180336]
 ...
 [0.1097988  0.13893201 0.17794021 ... 0.82051885 0.59686695 0.39160707]
 [1.         1.         1.         ... 0.79219579 0.49491856 0.22549328]
 [0.63331909 0.38885151 0.36946218 ... 0.69243176 0.3912801  0.21704521]]"
BeautifulGirls,"[[0.57200087 0.7754764  0.31796612 ... 0.06256621 0.24690341 0.56201196]
 [1.         1.         0.66115101 ... 0.14942279 0.37301419 0.72970042]
 [0.13868612 0.20640796 0.36076509 ... 0.09583798 0.2024411  0.45129604]
 ...
 [0.14686295 0.31888386 0.82179533 ... 1.         1.         1.        ]
 [0.04918188 0.23472685 0.6070849  ... 0.23113458 0.35833278 0.55642344]
 [0.11997036 0.60565697 0.73921096 ... 0.04501622 0.22286384 0.51648092]]"
BodakYellow,"[[0.30825537 0.30044348 0.13191849 ... 0.16201588 0.08863845 0.27749739]
 [0.68443896 1.         0.49363667 ... 0.17686584 0.06126655 0.12574605]
 [0.45678858 0.76183431 0.51348203 ... 0.50701535 0.33786907 0.3027182 ]
 ...
 [0.37221709 0.3890034  0.17483644 ... 0.05796645 0.03008604 0.11661462]
 [0.36848049 0.35265372 0.16264145 ... 0.11009315 0.08008121 0.21980324]
 [0.41982776 0.36341819 0.19805541 ... 0.19313629 0.1669791  0.29998522]]"
TakeOnMe,"[[0.56673351 0.7546081  0.47662523 ... 0.18553716 0.28697232 0.33541788]
 [0.58788328 0.51805578 0.42590805 ... 0.11106622 0.17020123 0.14300318]
 [0.40922893 0.33002845 0.25022262 ... 0.09147126 0.11178807 0.14596169]
 ...
 [1.         1.         1.         ... 0.16225495 0.2624883  0.29704108]
 [0.70925899 0.50367813 0.4307018  ... 0.13634505 0.21495069 0.23737466]
 [0.38323802 0.38353699 0.31580573 ... 0.39468378 0.59296096 0.77908901]]"
HotlineBling,"[[0.27496277 0.09402129 0.05790159 ... 1.         0.59723784 0.46797462]
 [0.79257619 0.44056097 0.25257707 ... 0.30744251 0.15952075 0.27785387]
 [0.52864108 1.         1.         ... 0.29968849 0.2707715  0.26476765]
 ...
 [0.17714951 0.12515671 0.12181968 ... 0.44956233 0.77730835 0.85222113]
 [0.08642944 0.03874366 0.05615432 ... 0.60724047 0.64767125 0.39307478]
 [0.0916008  0.03078905 0.03876588 ... 0.52037148 1.         1.        ]]"
MyType,"[[1.         1.         1.         ... 0.54540945 0.43610968 0.49497154]
 [0.55937178 0.3320799  0.3603988  ... 0.14545162 0.12028306 0.21045645]
 [0.30919704 0.16889529 0.29111394 ... 0.17373034 0.0639113  0.0874813 ]
 ...
 [0.47999159 0.38580222 0.44316226 ... 0.12081389 0.09111689 0.19682643]
 [0.37618831 0.24321126 0.34511202 ... 0.20159464 0.19120508 0.2421192 ]
 [0.451473   0.30468885 0.35161382 ... 0.33037322 0.22519748 0.21933125]]"
TongueTied,"[[0.47821157 0.6440939  0.29267841 ... 0.1826136  0.28096536 0.41663711]
 [0.50481929 0.73846292 0.2707993  ... 0.07845421 0.1909109  0.3709281 ]
 [1.         0.97067882 0.31038286 ... 0.08234132 0.24356773 0.44442947]
 ...
 [0.39924763 0.3968745  0.23957934 ... 0.26220509 0.28416016 0.7096887 ]
 [0.60814678 0.38626678 0.26507453 ... 0.19311309 0.3556284  0.89182474]
 [0.4802627  0.44345091 0.24615834 ... 0.12937485 0.23988948 0.53032869]]"
Congratulations,"[[0.19169564 0.22561124 0.21930536 ... 0.13479953 0.41206275 0.56522993]
 [0.2809039  0.55272106 1.         ... 0.23550182 1.         0.75901145]
 [0.18501583 0.24202034 0.21959457 ... 0.29587716 0.85613567 1.        ]
 ...
 [0.40233129 0.27776291 0.17358085 ... 0.1736344  0.33099471 0.38858102]
 [0.28412886 0.34962778 0.4778149  ... 0.391415   0.43822605 0.4593667 ]
 [0.19198245 0.245585   0.4825936  ... 0.11081762 0.19085326 0.25003072]]"
Despacito,"[[1.         0.97274959 0.40237143 ... 0.52740723 0.29470152 0.31947994]
 [0.65261078 1.         0.75567667 ... 0.52016882 0.40722673 0.39609755]
 [0.36551361 0.58383681 1.         ... 0.53477159 0.43134449 0.33800223]
 ...
 [0.34442605 0.24492496 0.12086845 ... 0.40057484 0.29928848 0.22446267]
 [0.42013507 0.27531976 0.0894531  ... 0.50364763 0.2970093  0.3299906 ]
 [0.67077384 0.43893067 0.12993188 ... 1.         0.40083778 0.44902899]]"
PumpedUpKicks,"[[0.32038812 0.45432256 0.52207569 0.42942342 0.36407977 0.22250473
  0.24426117 0.18005801 0.31377159 0.11845017 0.21728623 0.61109961
  0.63595445 0.83302038 0.75279305 0.37237156 0.1986287  0.11131569
  0.139581   0.12952415 0.25386611 0.98015781 1.         0.48914946
  0.30356918 0.18241355 0.14651303 0.0769676  0.02418507 0.01170078
  0.02264918 0.24496468 0.82119287 0.37359535 0.22889323 0.29266739
  0.25114784 0.31913102 0.47715105 0.26909399 0.31479825 0.26388479
  0.22637407 0.50692919 0.68791038 0.53083535 0.58367572 0.5440089
  0.56645515 0.3320673  0.09003821 0.3437742  0.99234097 0.5977844 ]
 [0.28244367 0.39889425 0.39383486 0.40419748 0.37838573 0.12821771
  0.10530195 0.09079252 0.18110315 0.08178508 0.10244988 0.2784357
  0.27094957 0.39314516 0.62748909 0.42856725 0.14851198 0.07776741
  0.09479115 0.0834175  0.19737815 0.41548685 0.2566763  0.17927975
  0.38975142 0.36478097 0.22042817 0.08694733 0.03441613 0.02134979
  0.0255826  0.10338694 0.35919083 0.31509531 0.21837425 0.1588002
  0.13751334 0.20648161 0.4101753  0.24104316 0.21255343 0.18418014
  0.19016404 0.29883418 0.47570748 0.43698291 0.21670874 0.13146607
  0.21247018 0.17309516 0.07671159 0.20711974 0.50613551 0.33236394]
 [1.         0.95632215 0.49622651 0.19510016 0.22475839 0.13460034
  0.08696712 0.12300387 0.35960305 0.33303832 0.33642903 0.58500385
  0.71843788 0.58942612 0.84030904 1.         0.42331055 0.31296474
  0.33549144 0.26934904 0.32152015 0.2925253  0.10609269 0.131145
  0.53842257 0.89419001 0.80626191 0.73965754 0.4527977  0.35263002
  0.32403697 0.30311104 0.37036717 0.34128544 0.24195722 0.10055089
  0.07835238 0.19408698 0.34501926 0.25689829 0.29349251 0.33722271
  0.52199925 0.32144111 0.2542226  0.30492397 0.20270597 0.17452729
  0.33145119 0.27830095 0.19628825 0.25771109 0.59832326 0.55749532]
 [0.82237537 0.82721901 0.61334501 0.27826194 0.18277082 0.10308963
  0.13498334 0.29807189 0.91404206 1.         1.         1.
  0.75123778 0.89880812 0.79035114 0.95314504 1.         1.
  1.         1.         1.         0.68520391 0.24805539 0.20444309
  0.63243999 1.         1.         1.         1.         1.
  1.         1.         0.83366296 0.46625557 0.49739324 0.28180791
  0.11975041 0.16894009 0.23273322 0.26287629 0.33390144 0.36957208
  0.45126677 0.3249975  0.15528232 0.14532084 0.2103145  0.31531272
  0.72860484 1.         1.         1.         0.85644288 0.69178235]
 [0.26851192 0.41225649 0.48606558 0.29687046 0.26610614 0.21673018
  0.25896874 0.34199469 0.47320371 0.30801648 0.28807498 0.370782
  0.29820811 0.2976223  0.23244554 0.17049526 0.36752962 0.31174031
  0.32556865 0.36845882 0.37449462 0.37887842 0.14291938 0.10529667
  0.29968052 0.27153534 0.23517659 0.2145117  0.27764803 0.22374374
  0.26169259 0.55470455 0.66972828 0.55600169 0.5229298  0.53058595
  0.45331773 0.54385137 0.62891291 0.5345413  0.5873329  0.35900932
  0.34842761 0.58936131 0.38874753 0.24594258 0.23985604 0.31992062
  0.44501623 0.51361257 0.3262647  0.38222658 0.45069586 0.21202124]
 [0.72287054 1.         1.         0.892083   0.90495688 1.
  1.         1.         1.         0.31143537 0.30290107 0.66082355
  0.30830481 0.24858449 0.14622134 0.07372439 0.13080457 0.09464086
  0.08998105 0.11528696 0.28502038 0.53423266 0.16813407 0.14559458
  0.35869445 0.27421053 0.18673648 0.09854001 0.0571681  0.04217866
  0.07104252 0.28342588 1.         1.         0.66718425 1.
  1.         1.         1.         1.         1.         0.76293652
  0.6505349  1.         1.         1.         1.         1.
  1.         0.69510516 0.19680585 0.42848934 0.52871164 0.22820946]
 [0.31798821 0.61585207 0.88629671 1.         1.         0.60465447
  0.84165929 0.78311847 0.68412763 0.24160812 0.25407562 0.67129485
  0.55459123 0.44827306 0.20797618 0.10997407 0.20077722 0.20661076
  0.19905463 0.17319396 0.24461779 0.52787998 0.25582058 0.28355815
  0.61233654 0.57020996 0.52572007 0.25163126 0.11749572 0.11551378
  0.1259239  0.27297158 0.64651692 0.51891007 0.34622647 0.27114147
  0.35425578 0.54174132 0.51365566 0.45554618 0.48515665 0.50822637
  0.51589455 0.55855697 0.65224297 0.54061287 0.50401883 0.64739791
  0.65294702 0.41257944 0.17801777 0.38418721 0.68187204 0.36971081]
 [0.18284183 0.60491673 0.80684818 0.32005608 0.51958293 0.35417025
  0.32694887 0.32249055 0.4134647  0.26060232 0.25061795 0.62132982
  1.         1.         0.53244325 0.337802   0.35920921 0.44114446
  0.59466565 0.34796404 0.38366211 0.58787346 0.40412675 0.53067568
  0.95142004 0.70680089 0.49776646 0.3653499  0.27303399 0.22847614
  0.22801779 0.32109548 0.64211401 0.6238217  0.33791984 0.13278258
  0.1817949  0.45274952 0.5393122  0.22970081 0.18225609 0.4060191
  1.         0.65524415 0.42009065 0.37209756 0.39913057 0.48371841
  0.66408279 0.32784788 0.20310965 0.37681035 1.         1.        ]
 [0.12566759 0.33663062 0.54932771 0.2060351  0.19320741 0.25965574
  0.31386343 0.25567665 0.2323372  0.08010506 0.0663522  0.25128226
  0.43251902 0.91812746 1.         0.68875638 0.41817609 0.37786159
  0.94959517 0.46294789 0.19636925 0.32358332 0.25863329 0.17248223
  0.19772503 0.17428288 0.1908745  0.10409961 0.05234475 0.03486853
  0.07374603 0.2421306  0.75443483 0.62682383 0.30916859 0.15567535
  0.17278969 0.28475041 0.32175972 0.18539945 0.20774782 0.35343648
  0.61254072 0.56897085 0.28523554 0.23720984 0.76206058 0.77669997
  0.5980669  0.15472466 0.05088107 0.154699   0.54382353 0.53271136]
 [0.30333622 0.43971262 0.45699242 0.22757824 0.20602026 0.1576901
  0.16164292 0.16603119 0.20829726 0.1024132  0.08691274 0.24709062
  0.39087963 0.76727395 0.48822604 0.25162044 0.18596131 0.20706321
  0.45869673 0.18956818 0.18895378 0.37925548 0.2304345  0.39318436
  0.28721689 0.19799722 0.24621389 0.2524044  0.10559683 0.05731178
  0.06343655 0.20271269 0.65366036 0.48283677 0.36252507 0.28538915
  0.20762588 0.28622367 0.38970851 0.26600443 0.36052483 0.46806954
  0.40627247 0.34801873 0.23190545 0.1423913  0.20852066 0.32461013
  0.36145985 0.19464698 0.09263688 0.17834187 0.46168789 0.61119551]
 [0.55321007 0.88677448 0.74587496 0.27707356 0.22087478 0.14662637
  0.13835622 0.15120255 0.37179942 0.22863488 0.1941361  0.38621158
  0.57784006 0.97424145 0.37453047 0.22378409 0.21337165 0.25702885
  0.28686593 0.15263058 0.62173321 1.         0.40873979 1.
  1.         0.38080368 0.289827   0.29188746 0.16590682 0.1127666
  0.14815952 0.24527177 0.3884112  0.46583766 1.         0.77853789
  0.38712921 0.38801245 0.7603737  0.54839108 0.80937021 1.
  0.45988797 0.3883029  0.21717756 0.14785502 0.14304631 0.15783393
  0.31372    0.2729594  0.19672361 0.29835013 0.53516703 0.83525931]
 [0.36937839 0.60441938 0.69102245 0.33247387 0.14425022 0.05930878
  0.07844006 0.09852939 0.16763936 0.06344292 0.092232   0.46921918
  0.72370209 0.8644181  0.46923569 0.16476849 0.09842357 0.09299807
  0.13680325 0.0759768  0.3810493  0.94641439 0.80057148 0.69518202
  0.71949435 0.26928965 0.13416299 0.08359776 0.05160197 0.0239445
  0.04554913 0.15401521 0.38290177 0.3593692  0.61356732 0.49247171
  0.23685589 0.33598702 0.68103916 0.38830988 0.53014559 0.50813746
  0.26193389 0.3625036  0.26498267 0.16349837 0.23480843 0.26189363
  0.26327432 0.12189943 0.05503494 0.17685608 0.58487379 0.54544615]]"
Africa,"[[0.08990924 0.70539913 0.7741893  ... 0.06853915 0.03980417 0.09050844]
 [0.25517633 1.         1.         ... 0.08778164 0.04248813 0.08502814]
 [0.10077356 0.45510213 0.43525093 ... 0.08646316 0.04427175 0.0850338 ]
 ...
 [0.20741725 0.19401382 0.15853537 ... 1.         0.57443238 0.37267729]
 [0.03036054 0.13871848 0.30075049 ... 0.27136972 0.12465191 0.09953259]
 [0.05284749 0.24643816 0.41875193 ... 0.07790807 0.05860242 0.11565885]]"
Tubthumping,"[[0.16683203 0.217296   0.30448157 ... 0.35404635 0.1508905  0.11591447]
 [0.31949056 0.29860478 0.5824512  ... 0.38203876 0.14450383 0.10504682]
 [0.23007464 0.37346255 0.80628941 ... 0.34827857 0.15404921 0.11085145]
 ...
 [0.55012829 1.         1.         ... 0.63005292 0.17214232 0.10218926]
 [0.2895989  0.70024342 0.72553039 ... 0.37090733 0.17887879 0.19412431]
 [0.24262486 0.24916601 0.31946189 ... 0.46081974 0.23831532 0.38638567]]"
TakeAWalk,"[[0.56563798 0.32367017 0.39758253 ... 0.49262079 0.59303354 0.35420282]
 [1.         0.49587982 0.40158548 ... 0.37273956 0.35921653 0.44321165]
 [0.80808576 0.67365817 0.56610608 ... 0.22095036 0.33924034 0.32630558]
 ...
 [0.47601242 0.52881147 0.45985329 ... 0.18821865 0.35062657 0.28662719]
 [0.51494683 1.         1.         ... 0.36509032 0.64620607 0.84080521]
 [0.18943165 0.25226046 0.43171482 ... 1.         0.81515662 0.60504798]]"
Believe,"[[0.20663367 0.26071846 0.3034708  ... 0.61274789 0.33177749 0.26756635]
 [1.         1.         0.69109367 ... 0.3939466  0.55141436 0.32260282]
 [0.36001062 0.49721397 0.79355612 ... 0.3350038  0.49326053 0.3236064 ]
 ...
 [0.15419017 0.38134592 0.71203593 ... 0.49256222 0.4195897  0.35224571]
 [0.10730483 0.34933157 0.71905302 ... 0.21863059 0.27120456 0.19393167]
 [0.08506682 0.13642327 0.2012583  ... 0.26629051 0.24695678 0.23249351]]"
Rollercoaster,"[[1.         1.         1.         ... 0.11932464 0.05995428 0.05213885]
 [0.41485365 0.35642083 0.52921399 ... 0.12732457 0.06407165 0.07215628]
 [0.30016078 0.2683582  0.53259462 ... 0.26254402 0.10547284 0.10824483]
 ...
 [0.33834935 0.28190396 0.61844471 ... 0.14156391 0.08712025 0.12520327]
 [0.15643288 0.15498005 0.47414867 ... 0.30352653 0.26336062 0.35626333]
 [0.23840582 0.22663244 0.44429277 ... 0.18864347 0.14119475 0.15392867]]"
WhatsMyName,"[[0.402884   0.48691167 0.28192158 ... 0.17173723 0.24524985 0.44034235]
 [1.         0.99512926 0.51151067 ... 0.57026513 1.         1.        ]
 [0.4526383  0.53897122 0.34653764 ... 0.31201762 0.49330461 0.86193173]
 ...
 [0.75984704 0.8184936  0.57808132 ... 0.14337176 0.24119571 0.63652649]
 [0.42285755 0.44006754 0.31917533 ... 0.10636533 0.15512987 0.51018138]
 [0.29863007 0.38832831 0.36956033 ... 0.22094449 0.27482529 0.57599225]]"
DancingQueen,"[[0.34016697 0.53161692 0.47412544 ... 0.19747595 0.30985947 0.21899846]
 [1.         1.         0.78469652 ... 0.5769862  0.68835144 0.6398415 ]
 [0.72724776 0.46533081 0.36592726 ... 0.89461204 1.         1.        ]
 ...
 [0.28366548 0.41966917 0.48671343 ... 1.         0.69598203 0.81267292]
 [0.15581875 0.25106731 0.28962274 ... 0.26681793 0.34549474 0.43058587]
 [0.58526896 0.76384937 0.61668225 ... 0.14602128 0.29783201 0.21003212]]"
AmericanBoy,"[[0.2354101  0.4096379  0.10331038 ... 0.84262257 0.78245695 0.7207079 ]
 [0.09706513 0.35454922 0.0916673  ... 0.13606895 0.11750091 0.1225901 ]
 [0.09625779 0.36482226 0.10970314 ... 0.02556934 0.01241782 0.01908337]
 ...
 [0.13458921 0.31700067 0.17021822 ... 0.71825164 0.62970591 0.57128851]
 [0.04585502 0.61510898 0.43317196 ... 0.08257627 0.06151459 0.05494453]
 [0.10078684 0.54959084 0.36489722 ... 0.20674004 0.14415715 0.13674744]]"
SurfinUSA,"[[0.47088959 0.36690936 0.21764486 ... 0.29816053 0.09898462 0.07153922]
 [0.55957955 0.37638854 0.22991207 ... 0.18186652 0.2445207  0.28954934]
 [0.77311361 0.49174859 0.24844878 ... 0.25065501 0.25942912 0.27271434]
 ...
 [0.54711118 0.64126725 0.41124974 ... 0.16846545 0.07329829 0.02741296]
 [0.57527095 0.51498934 0.22607334 ... 0.78769604 0.24081152 0.05463607]
 [0.50886982 0.36902911 0.16139121 ... 0.39340549 0.1259292  0.03780679]]"
InMyFeelings,"[[0.04416407 0.39358907 0.36131913 ... 0.29846114 0.06892013 0.04206086]
 [0.02019321 0.32475583 0.62111104 ... 0.29293017 0.07421724 0.05492313]
 [0.04480748 0.57610549 1.         ... 0.31040137 0.12346515 0.13264582]
 ...
 [0.01462743 0.36214435 0.31914611 ... 0.4473643  0.09879212 0.0602846 ]
 [0.03639492 0.36323808 0.30019672 ... 0.39250296 0.17833249 0.21338654]
 [0.0789077  0.45846339 0.331193   ... 0.36188991 0.08522609 0.08615657]]"
Firework,"[[0.23988873 0.4827369  0.24718702 ... 0.47104323 0.43536958 0.50116699]
 [0.19737265 0.49738083 0.22807925 ... 1.         0.60746862 1.        ]
 [0.29644803 0.53971977 0.41399134 ... 0.52906331 0.44729272 0.46929898]
 ...
 [0.27835485 0.39086674 0.31912848 ... 0.42121467 0.5040988  0.2851789 ]
 [0.11726977 0.33950903 0.85793847 ... 0.39337529 0.33839635 0.3379313 ]
 [0.12906976 0.38868464 0.78619249 ... 0.30188322 0.2784984  0.15065358]]"
ILikeItLikeThat,"[[0.37354262 0.07871461 0.03041717 ... 0.2262443  0.31995549 0.19871663]
 [0.42331412 0.11764483 0.0453937  ... 0.06188818 0.24784481 0.23413535]
 [0.59577974 0.41229584 0.19008615 ... 0.0343884  0.36060711 0.27062978]
 ...
 [0.19973118 0.09769718 0.07366231 ... 0.10808356 0.31842311 0.46059034]
 [0.3029366  0.11558851 0.03652856 ... 0.1100591  1.         1.        ]
 [0.53655595 0.23526476 0.09793302 ... 0.13895341 0.46789805 0.44280146]]"
SummertimeSadness,"[[0.23226313 0.17310902 0.16745427 ... 0.30752535 0.31501526 0.32481596]
 [0.85559374 0.71690661 0.82325434 ... 1.         1.         0.83715752]
 [0.17319035 0.13357501 0.14561324 ... 0.24422858 0.30392234 0.38752507]
 ...
 [0.2783522  0.19679072 0.16787832 ... 0.19862922 0.20488939 0.31245491]
 [0.08318543 0.05094421 0.04021242 ... 0.17162326 0.17779601 0.27387732]
 [0.0726144  0.04454105 0.02922353 ... 0.17117556 0.19587462 0.30545298]]"
DirtyLittleSecret,"[[0.75099689 0.89405467 0.79365457 ... 0.147668   0.35062977 0.28621281]
 [0.45512075 0.28677698 0.21875027 ... 0.21346167 0.32953288 0.19826127]
 [0.77000963 0.31075626 0.166588   ... 0.95014348 1.         0.29823607]
 ...
 [0.64529107 0.30170594 0.26000498 ... 1.         0.97968237 0.41229721]
 [0.99270974 1.         1.         ... 0.47312267 0.95519298 1.        ]
 [1.         0.97324499 0.59818181 ... 0.15504912 0.40409524 0.25647726]]"
HipsDontLie,"[[0.33058202 0.23263106 0.43348954 ... 0.50127132 0.64066264 0.4280873 ]
 [0.66095789 0.54216737 1.         ... 1.         0.85736913 0.26649014]
 [1.         1.         0.91502673 ... 0.3209405  0.24990032 0.15939798]
 ...
 [0.15952855 0.10867558 0.11197774 ... 0.19605802 0.21731146 0.40515703]
 [0.35889639 0.30442327 0.41733396 ... 0.64992284 0.90660426 0.90956799]
 [0.26043554 0.26680117 0.40922249 ... 0.48867925 1.         0.92424406]]"
StayOrGo,"[[0.1397714  0.18939682 0.12787299 ... 0.49402713 0.33107281 0.87017526]
 [0.12829089 0.15968499 0.09152781 ... 0.7260431  0.73119261 1.        ]
 [0.13289142 0.29210628 0.26772053 ... 1.         1.         0.94715701]
 ...
 [0.20199374 0.27902361 0.14239086 ... 0.91896036 0.69267173 0.21087477]
 [0.10866086 0.17515245 0.14213177 ... 0.27902748 0.41314408 0.24020724]
 [0.11683275 0.15368864 0.143882   ... 0.4064743  0.34047179 0.5492979 ]]"
HollabackGirl,"[[0.46624316 0.42445104 0.16464324 ... 0.2493004  0.25113749 0.14293468]
 [0.92155013 0.79921237 0.54204041 ... 0.51052646 0.29099475 0.06283909]
 [0.88607001 0.71402119 1.         ... 0.51394852 0.39691325 0.24303514]
 ...
 [0.79485793 0.76053976 0.14563232 ... 0.29008336 0.2847221  0.2248624 ]
 [1.         1.         0.23024848 ... 0.53132481 0.54824877 0.88617995]
 [0.6192956  0.53004404 0.1365673  ... 0.55794964 1.         1.        ]]"
Telephone,"[[1.         1.         0.61727221 ... 0.71505315 0.34967784 0.16118946]
 [0.62995285 0.48028137 0.26592674 ... 0.4324154  0.19965614 0.09107541]
 [0.45727188 0.20594481 0.08586001 ... 0.32275843 0.17319166 0.08811633]
 ...
 [0.46555995 0.27062572 0.13514069 ... 0.37625514 0.15938858 0.08003684]
 [0.48800727 0.37103427 0.18623839 ... 0.32431917 0.14117303 0.07074814]
 [0.65435783 0.49949615 0.24724416 ... 0.40078953 0.20687206 0.10546624]]"
Pompeii,"[[0.4866551  0.4700701  0.66015853 ... 0.53023474 0.13315894 0.03249323]
 [0.34252742 0.13986346 0.90533177 ... 0.4572632  0.12344847 0.06889923]
 [0.56048245 0.10065402 0.14632393 ... 0.27633863 0.12332826 0.13906646]
 ...
 [0.95983182 0.13209677 0.07377616 ... 0.70008149 1.         1.        ]
 [0.47641022 0.15710833 0.1110723  ... 0.36929099 0.19019874 0.11482945]
 [1.         1.         1.         ... 0.64968038 0.27890132 0.05868133]]"
AnnaSun,"[[0.21005848 0.14807372 0.0906167  ... 0.08859863 0.12839742 0.08518663]
 [0.17130684 0.09358014 0.05840282 ... 0.23767314 0.2634101  0.23397356]
 [0.240635   0.11545121 0.06775879 ... 1.         1.         1.        ]
 ...
 [0.4145553  0.26906292 0.11169926 ... 0.24055401 0.33428859 0.24171391]
 [0.50919961 0.22866614 0.11372511 ... 0.39676768 0.5581177  0.45418819]
 [0.32731324 0.15317124 0.05834132 ... 0.12514261 0.17657273 0.11632844]]"
GetLucky,"[[0.44870332 0.41380443 1.         ... 0.96016152 0.79827215 0.36275711]
 [0.07109281 0.11785835 0.77186973 ... 1.         0.96986019 0.37071639]
 [0.13243597 0.17637677 0.69099716 ... 0.39919811 0.722835   0.8548024 ]
 ...
 [0.08308842 0.08329006 0.27730903 ... 0.23710787 0.5955236  0.90297264]
 [0.32370042 0.26340318 0.3604852  ... 0.24988199 0.46524361 0.42638877]
 [1.         1.         0.96642007 ... 0.44240009 0.52548252 0.44509359]]"
CoughSyrup,"[[0.22056041 0.16367017 0.1802852  ... 0.38562871 0.47707623 0.45518036]
 [0.37911073 0.41432347 0.57474504 ... 0.53432553 1.         1.        ]
 [0.15536369 0.11467986 0.10952468 ... 0.17994472 0.22878473 0.15853499]
 ...
 [0.78344888 0.67614436 0.81421797 ... 0.42553782 0.58766772 0.51013786]
 [0.26524333 0.19299672 0.18564735 ... 0.26060352 0.29715285 0.35779022]
 [0.21569448 0.12720921 0.08274088 ... 0.28611051 0.2264899  0.18115233]]"
